gender,email,phone,cell,nat,name.title,name.first,name.last,location.street.number,location.street.name,location.city,location.state,location.country,location.postcode,location.coordinates.latitude,location.coordinates.longitude,location.timezone.offset,location.timezone.description,login.uuid,login.username,login.password,login.salt,login.md5,login.sha1,login.sha256,dob.date,dob.age,registered.date,registered.age,id.name,id.value,picture.large,picture.medium,picture.thumbnail
female,emma.smith@example.com,X54 D04-5647,K13 D87-9210,CA,Mrs,Emma,Smith,1656,Vimy St,Cartwright,Newfoundland and Labrador,Canada,S7X 8U6,-72.4106,31.6618,-5:00,"Eastern Time (US & Canada), Bogota, Lima",6d732e26-f44e-4fde-8ec9-5fcf7e961078,organicfrog989,sanfran,st50Z5q6,7f0da03b5753e34c2654a9022bb6144b,5a9912dde9ba6bcb9a74adc02e2c28f5a8525fd6,ff87694966cbc86caa6fa7694acca0fa35697b90780f5ae544ee0dbba844aab9,1989-06-27T09:33:26.253Z,36,2021-08-21T19:58:52.130Z,4,SIN,645012097,https://randomuser.me/api/portraits/women/43.jpg,https://randomuser.me/api/portraits/med/women/43.jpg,https://randomuser.me/api/portraits/thumb/women/43.jpg
male,slavisa.kicanovic@example.com,018-5553-988,062-4717-423,RS,Mr,Slaviša,Kićanović,1449,Vase Savića ,Žitorađa,Prizren,Serbia,12430,31.0565,-11.3046,+5:45,Kathmandu,b6162dce-320f-451e-85f3-f3413d892449,redlion778,cookie1,iKNMn5Pa,85d4e8b76bfcffb01d3cb2d1890994bb,12dd85f6a6857ea7e511c118b7aed551fc6514e9,cfea4fb16990bda925493469c78832acbf6f4267e0a8a5aae58a1721365a9656,1956-06-28T14:25:45.635Z,69,2014-10-27T20:01:11.138Z,10,SID,731255176,https://randomuser.me/api/portraits/men/80.jpg,https://randomuser.me/api/portraits/med/men/80.jpg,https://randomuser.me/api/portraits/thumb/men/80.jpg
female,pozvizda.zasenko@example.com,(099) Y33-7531,(068) Z32-5283,UA,Ms,Pozvizda,Zasenko,5976,Prospekt Pushkina,Miusinsk,Sumska,Ukraine,99153,70.5186,-107.0379,+4:30,Kabul,bca6a626-4c69-4bb9-a052-cb54a2299703,lazyfish510,gidget,jJs1bpRs,c270263be27d98a824a18214cd8861e6,11fe67880b46b97c12e4378738a5eb6aec28c140,e6a3b0c41f5a72b7261bdcdafafdd1591c52aa90dec06cecd9153b14968a4cb2,1973-04-06T07:23:19.163Z,52,2014-07-22T14:36:55.115Z,11,,,https://randomuser.me/api/portraits/women/72.jpg,https://randomuser.me/api/portraits/med/women/72.jpg,https://randomuser.me/api/portraits/thumb/women/72.jpg
female,katrine.olsen@example.com,36027200,96951920,DK,Miss,Katrine,Olsen,1295,Havnegade,Ishoej,Nordjylland,Denmark,85951,-84.8350,-25.2440,-10:00,Hawaii,805f6004-9389-4985-8046-dee45f2b5532,brownladybug246,dang,Sj8nnNyV,2533e9f714840f01029ace2172a17283,528dafcd0674c8033ed7e7c99ba3beac60d2752f,c041855e0f5bbd17ec1fb9565a3fd4c31c48f823dba6cc367156a50387c0e4b3,1988-07-31T22:36:23.309Z,37,2021-12-21T04:37:47.514Z,3,CPR,310788-7534,https://randomuser.me/api/portraits/women/58.jpg,https://randomuser.me/api/portraits/med/women/58.jpg,https://randomuser.me/api/portraits/thumb/women/58.jpg
male,same.johnston@example.com,017683 17675,07242 121328,GB,Mr,Same,Johnston,7271,Albert Road,Bath,Tayside,United Kingdom,FD9 0DJ,50.4524,-177.2763,-5:00,"Eastern Time (US & Canada), Bogota, Lima",29a79013-0fbb-4ced-89d1-b4b2ef9029a9,smallgoose950,silvia,JktX72Do,295edd4429b97645aff204c8ec75903a,30f30c2aafd1aec3a23cb8d296c22d1ca07f0421,4a40e39b615976a2c252b285c88cdc290b33bd8b2a5acb71fb9c0461ccca06fc,1952-11-13T15:38:02.727Z,72,2014-04-06T05:36:27.239Z,11,NINO,XP 79 25 22 D,https://randomuser.me/api/portraits/men/97.jpg,https://randomuser.me/api/portraits/med/men/97.jpg,https://randomuser.me/api/portraits/thumb/men/97.jpg
male,angus.turner@example.com,(900)-416-4680,(298)-038-6922,NZ,Mr,Angus,Turner,6233,Springs Road,Wellington,Nelson,New Zealand,76897,-49.8267,147.8365,-4:00,"Atlantic Time (Canada), Caracas, La Paz",a04a9c39-c5e9-4885-bcc4-6b1c745b5239,angrymouse298,herring,a21YYjpV,30a2072845e5333e39aeada26d32c80e,e079ba2ad0a98b96daac2a4236d02804bc0b70d4,35d2d1e8915e9a10c2c7b450e0a5e819b1ba8022258994eb721fca3a1ffec71d,1945-06-15T16:27:47.265Z,80,2013-05-16T05:27:42.564Z,12,,,https://randomuser.me/api/portraits/men/67.jpg,https://randomuser.me/api/portraits/med/men/67.jpg,https://randomuser.me/api/portraits/thumb/men/67.jpg
female,teresa.neal@example.com,061-228-0338,081-635-4584,IE,Mrs,Teresa,Neal,6921,Herbert Road,Lusk,Westmeath,Ireland,88168,9.8867,-115.8735,+3:30,Tehran,c9e8a5da-9c8b-4f29-8d03-b4674789bfe4,angrywolf881,mighty,xhn1OBQq,62793b7ef06b09eb488fafb7b5bf12a9,0c2a22e200d7464edc8b943da05805d191cc6e0a,fc53ff5c1a780f55c59bb50b9357de8501720d67995eab2455df5be932785278,1976-05-26T18:10:25.531Z,49,2020-04-30T17:56:56.651Z,5,PPS,4637236T,https://randomuser.me/api/portraits/women/0.jpg,https://randomuser.me/api/portraits/med/women/0.jpg,https://randomuser.me/api/portraits/thumb/women/0.jpg
male,elmo.jacobi@example.com,(0778) 572129,(06) 89761546,NL,Mr,Elmo,Jacobi,3650,Avestein,Bredevoort,Zuid-Holland,Netherlands,2629 ZU,-22.2958,106.7132,-3:00,"Brazil, Buenos Aires, Georgetown",8425f639-3d54-4f7a-a124-59db2f33a6c4,yellowdog590,paloma,4hYGNvgO,ec07869209f62f187af497b34c0dccab,9567f805bb57beeb3d97b8a67515d7f46b2d95c3,a3057bea931efcd6d41f1d0977d0e5a73a88dd670500ee9b90a40642a04994d6,1967-10-06T11:02:33.109Z,57,2012-06-10T04:34:50.246Z,13,BSN,62368940,https://randomuser.me/api/portraits/men/69.jpg,https://randomuser.me/api/portraits/med/men/69.jpg,https://randomuser.me/api/portraits/thumb/men/69.jpg
female,mhy.njty@example.com,067-86887951,0975-704-8429,IR,Miss,محیا,نجاتی,6264,آفریقا,همدان,چهارمحال و بختیاری,Iran,32484,-48.5289,-4.5540,+4:30,Kabul,2cf95904-b310-4faf-82e3-0b85671d74b0,tinywolf657,426hemi,6rEymunw,6e80e75c53d3b4e4991103d3f3e86ce5,51d2d2dcb0ed0d9d173784ca9fc3bf449fa37562,ee0f832b28a33d5725e075c33ae0756a989c5b35f0a243a7f5d187653287af0b,1953-10-07T10:26:28.233Z,71,2013-08-27T02:41:52.894Z,12,,,https://randomuser.me/api/portraits/women/19.jpg,https://randomuser.me/api/portraits/med/women/19.jpg,https://randomuser.me/api/portraits/thumb/women/19.jpg
female,tuva.skauen@example.com,30728823,46045610,NO,Miss,Tuva,Skauen,8130,Landingsveien,Kvithammer,Buskerud,Norway,0956,-79.6556,136.3803,-10:00,Hawaii,6924cfd7-3cd5-4f29-b435-3d19d2ca914c,whitepanda100,mikey1,wTWqOWKG,26a6b6e89c49ebe3b0496ca7bd9bafe8,881279f99e132eb6340617e047023b53056dca8a,4ec4d8ea02890935f1547d5e27341e48071a8e9df6c44b62aa34b32d90aa43d7,1952-09-03T19:48:06.377Z,73,2002-04-06T10:40:36.491Z,23,FN,03095244245,https://randomuser.me/api/portraits/women/23.jpg,https://randomuser.me/api/portraits/med/women/23.jpg,https://randomuser.me/api/portraits/thumb/women/23.jpg
male,valentin.contreras@example.com,(687) 492 8789,(681) 211 5357,MX,Mr,Valentin,Contreras,3534,Continuación China,Tlahuelompa,Durango,Mexico,60576,24.4693,-47.2123,+5:00,"Ekaterinburg, Islamabad, Karachi, Tashkent",0c142168-5da2-4d9a-9f36-fdb2e35a501e,blackgoose517,sampson,wT0t7F28,4e140d23c41d7daa11212bb1717b94ac,9005812da005236a38eb64d96694bcba8620d5ac,8d6bed4cd88c2baa1ecba3d51f4031f037f931ba52a9abf0a1ef942abebf8a44,1993-06-08T16:26:57.267Z,32,2010-01-20T00:52:15.579Z,15,NSS,42 86 28 5904 1,https://randomuser.me/api/portraits/men/87.jpg,https://randomuser.me/api/portraits/med/men/87.jpg,https://randomuser.me/api/portraits/thumb/men/87.jpg
male,burim.thomas@example.com,077 120 28 70,079 336 44 12,CH,Monsieur,Burim,Thomas,8944,Rue Paul-Duvivier,Obergoms,Basel-Stadt,Switzerland,7831,85.4785,26.5248,+3:30,Tehran,27bb6e83-537f-48ee-82e9-a626dd07f133,orangefish514,4321,mOoS9ByM,a845f96570a4c47bf7c7bbfc5d731aff,60fc7159be0db4f0347af64f8aadd5bb37c9260e,a288682c5480d676f704ca93ff7e3959aa24ee1b27e0f0066ae78480222245ab,1983-03-09T03:30:55.495Z,42,2003-01-08T03:27:25.822Z,22,AVS,756.2325.8916.53,https://randomuser.me/api/portraits/men/81.jpg,https://randomuser.me/api/portraits/med/men/81.jpg,https://randomuser.me/api/portraits/thumb/men/81.jpg
female,stefanija.simonovic@example.com,039-3145-068,068-6622-191,RS,Miss,Stefanija,Simonović,9095,Dobrile živanov Stakić,Preševo,Pčinja,Serbia,86736,42.5636,66.9672,-4:00,"Atlantic Time (Canada), Caracas, La Paz",b9aa0b5f-3b58-4ed1-bbef-93cf73bb3632,happyfrog793,einstein,mpBTCsOt,1a6c59fe76e18575ce284db733cac8b3,1dc150f356b3589bb94a77ef22ddf9bc5ae1ef17,60df8cc4c0d17dda208a2e60a5ad1deedbde16fd98cca01acf361b821a9ba833,1975-12-29T05:11:33.357Z,49,2007-03-06T06:38:59.765Z,18,SID,041080450,https://randomuser.me/api/portraits/women/77.jpg,https://randomuser.me/api/portraits/med/women/77.jpg,https://randomuser.me/api/portraits/thumb/women/77.jpg
female,julie.moller@example.com,48208660,08807324,DK,Ms,Julie,Møller,7646,Strandvej,Ryslinge,Midtjylland,Denmark,78753,-53.3538,-115.1421,-9:00,Alaska,64d15f34-32e0-415a-a454-d0742562e9e1,bluetiger408,getmoney,riLPc91I,60e3c8bf4b69eb2415a479c646f92d1b,d3c132f09ca64cf131c9f2f7aa62c816d313ad14,ed67719ac53370f8b2f67e6a6d99732194a8f544156ba1620ab95521c6202b20,1955-06-27T09:44:57.837Z,70,2005-08-02T14:23:33.879Z,20,CPR,270655-4669,https://randomuser.me/api/portraits/women/88.jpg,https://randomuser.me/api/portraits/med/women/88.jpg,https://randomuser.me/api/portraits/thumb/women/88.jpg
female,archana.bansal@example.com,7235629893,8572263238,IN,Ms,Archana,Bansal,2964,Coaker's Walk,Pali,Chandigarh,India,72680,-88.9688,153.6705,0:00,"Western Europe Time, London, Lisbon, Casablanca",19c5deb3-d9ce-4383-b2c2-1c49ce7b0ddd,redsnake370,brutus,mz9X30F9,3fc2961d38350c865745c4d333394958,b21e7175db4a03d26960dda531432d64ce3594e1,95a39a73ea5fab07f5f56716b75c4bbff4254521c64e7315bc7f66390dc3dc27,1968-10-02T04:22:04.586Z,56,2012-09-26T04:17:35.523Z,12,UIDAI,099982972288,https://randomuser.me/api/portraits/women/20.jpg,https://randomuser.me/api/portraits/med/women/20.jpg,https://randomuser.me/api/portraits/thumb/women/20.jpg
female,katrin.nguyen@example.com,077 892 58 17,076 261 55 37,CH,Mademoiselle,Katrin,Nguyen,9154,Rue des Cuirassiers,Neuendorf,Glarus,Switzerland,5480,58.0374,-125.7787,-9:00,Alaska,3c60a308-ae00-4619-bad0-3fe05d9f448a,greenzebra959,steel,bjqaTXuX,5b567cb15391eb28909b7f9e2a7b7385,80a68b533a459f9b3f60de6f2e50470584478635,d258401b59e8bc7322a2fd595116f91f1eb730366acf3890e32caa476890af83,1992-04-09T05:25:15.354Z,33,2010-11-08T20:15:20.060Z,14,AVS,756.9232.0491.31,https://randomuser.me/api/portraits/women/0.jpg,https://randomuser.me/api/portraits/med/women/0.jpg,https://randomuser.me/api/portraits/thumb/women/0.jpg
female,nivia.nunes@example.com,(63) 4637-1542,(97) 1385-3916,BR,Mrs,Nívia,Nunes,7348,Rua São Pedro ,Jequié,Amazonas,Brazil,58189,81.8136,55.0569,+4:30,Kabul,69b49ed6-13da-47a4-90fd-8e0b33e046d9,heavygorilla805,holden,t0CGtAIp,1da9d2d3ca42fa19c25b9723f64f84c0,8cd51a33f36e906c973e0ec5f52ff49041eedc29,2d9f4b03def5e6293404e69218eed28f456e9d35f65474b8502869e3f8f47c9d,1992-05-06T02:57:40.592Z,33,2006-09-16T04:10:22.791Z,18,CPF,722.742.373-73,https://randomuser.me/api/portraits/women/77.jpg,https://randomuser.me/api/portraits/med/women/77.jpg,https://randomuser.me/api/portraits/thumb/women/77.jpg
female,louise.green@example.com,(406) 462-1976,(670) 764-9738,US,Mrs,Louise,Green,7025,N Stelling Rd,Mobile,Texas,United States,68362,-28.6409,14.4488,-3:00,"Brazil, Buenos Aires, Georgetown",68d66a5b-46ba-4135-9511-f0e1c8a51aaf,blackrabbit272,bradford,8MWkhN1D,9b537b199b287298eadb5ac8d44b433e,2550e8e404df958d2aee4be0bc2a5133ee1daf1c,01999c3ef465ab4933f2a0f68ea87bba1d9cc4cac1e8713e9e6e58bdc0475771,1966-04-04T21:12:02.132Z,59,2004-07-03T00:18:38.074Z,21,SSN,361-37-8659,https://randomuser.me/api/portraits/women/80.jpg,https://randomuser.me/api/portraits/med/women/80.jpg,https://randomuser.me/api/portraits/thumb/women/80.jpg
female,borka.smiljanic@example.com,027-8179-178,067-9711-772,RS,Ms,Borka,Smiljanić,231,Hristofora Kovačevića,Ražanj,West Bačka,Serbia,78087,-58.6940,16.2158,+6:00,"Almaty, Dhaka, Colombo",68b41dc4-4d1e-4bbd-8c32-4eedeb9286aa,sadswan310,catherin,zre9H6zh,41c0b6f63e34d42430cda5619a6da489,5c0848ac40793fd89ea40e38f5ab5baedb791e9d,a5db65788d0353a2fd1bd17e98127b84e86edc0e0e3692b8b6b7d4143b686e6a,1988-12-08T13:36:37.494Z,36,2014-05-23T03:14:28.805Z,11,SID,148927336,https://randomuser.me/api/portraits/women/80.jpg,https://randomuser.me/api/portraits/med/women/80.jpg,https://randomuser.me/api/portraits/thumb/women/80.jpg
female,claudine.guillaume@example.com,079 226 03 84,076 416 38 21,CH,Madame,Claudine,Guillaume,4836,Rue Pasteur,Wikon,Zug,Switzerland,3534,-37.7766,-53.5830,-3:30,Newfoundland,aef703a3-ffc9-4cab-8aa0-cc3e47635350,lazyfish876,sonoma,ogEKkwOr,7289f40f361e099d1fb320eecb0853ea,2b9eb3d7cb377e459cc0282c3bf281eeeb2f6eb0,0eb2e566c5ad3bad9e8410dbb7f2564732e8fc8b6f2b970d855913830b6837e3,1969-03-03T23:32:29.994Z,56,2022-03-30T03:44:41.009Z,3,AVS,756.6577.6768.16,https://randomuser.me/api/portraits/women/37.jpg,https://randomuser.me/api/portraits/med/women/37.jpg,https://randomuser.me/api/portraits/thumb/women/37.jpg
male,sphr.khmrw@example.com,076-52664834,0907-330-9402,IR,Mr,سپهر,کامروا,1132,حقانی,کرمانشاه,آذربایجان غربی,Iran,70858,70.2172,156.8305,-1:00,"Azores, Cape Verde Islands",9293abdb-ddbf-482c-8c07-d73fbeec41d7,goldenmeercat308,honda,LJOnr4jo,ac81e306631d7a9ca9d6256c8202301a,fdf6e929aeade95a42075556903b6a661b705467,5899ba459212b32109f3fc33e8b5d798e479e3e820f0eda4f6849c0908357266,1997-04-08T21:34:04.293Z,28,2002-10-24T23:46:07.882Z,22,,,https://randomuser.me/api/portraits/men/1.jpg,https://randomuser.me/api/portraits/med/men/1.jpg,https://randomuser.me/api/portraits/thumb/men/1.jpg
female,annika.hellmann@example.com,0266-3281006,0174-1737743,DE,Ms,Annika,Hellmann,7340,Schulstraße,Kirchenlamitz,Thüringen,Germany,24124,-13.4942,-114.9408,+3:30,Tehran,f5bc4ac9-89fb-4020-b30b-3dd355a178a2,angryzebra154,forrest,cVbp3xsG,b4f9922f50855e99f21fea7f580141ba,eb892731246c30711143feb96359d38482d5fc97,e8a5500293144367c3bf757fd65c42fa5e336a5fc38419884875ecfb336886ba,1985-10-02T03:51:35.286Z,39,2003-09-11T14:24:46.160Z,22,SVNR,48 011085 H 786,https://randomuser.me/api/portraits/women/86.jpg,https://randomuser.me/api/portraits/med/women/86.jpg,https://randomuser.me/api/portraits/thumb/women/86.jpg
female,agripina.tolubko@example.com,(099) G25-5838,(097) T57-8187,UA,Miss,Agripina,Tolubko,2585,Vidradniy prospekt,Gorodenka,Harkivska,Ukraine,22734,-83.8727,104.0964,+3:00,"Baghdad, Riyadh, Moscow, St. Petersburg",d11a6f4a-56e4-485b-b5f8-dfc267d6eec6,redtiger710,shasta,bHLdVV63,a23e055868437c85006f74b57461090d,99c6760e69f1fd8808b350de5864453a61502c05,df7a057fa375c805e4c4e85e598099c8611d530421a9464ecb3ec97af9f038bb,1953-02-27T10:25:52.160Z,72,2014-06-28T14:25:29.155Z,11,,,https://randomuser.me/api/portraits/women/21.jpg,https://randomuser.me/api/portraits/med/women/21.jpg,https://randomuser.me/api/portraits/thumb/women/21.jpg
male,elias.johansen@example.com,25586636,26589186,DK,Mr,Elias,Johansen,695,Guldborgvej,V.Skerninge,Midtjylland,Denmark,88316,76.5514,-94.8793,0:00,"Western Europe Time, London, Lisbon, Casablanca",dcded243-2959-4b74-a93d-9f172272f9ef,tinyduck479,jolly,v9b84onv,e354a60d2516b6e6870d7f4ec47cd426,a5b1e3635489bd1f12054a1628efb31d6ad6d640,5a5a409db1620c4ce31534b4c4eb78001e4a89f96d6f0953e67f2137a6b36056,1959-02-14T21:37:41.092Z,66,2015-09-03T08:30:25.328Z,10,CPR,140259-9611,https://randomuser.me/api/portraits/men/36.jpg,https://randomuser.me/api/portraits/med/men/36.jpg,https://randomuser.me/api/portraits/thumb/men/36.jpg
female,isabella.wong@example.com,O41 M56-4690,W85 U53-7808,CA,Ms,Isabella,Wong,6935,York St,Springfield,New Brunswick,Canada,Y2S 6C5,22.8355,-117.4010,+4:00,"Abu Dhabi, Muscat, Baku, Tbilisi",23a3bf76-9084-47a0-9c92-303db1e65977,redleopard906,chun,VMw4HjRK,14dc89e366c005d17dc7b704a073b909,0060b5459e982e7ec9935ba35d033dafda61d92b,c78bda370af96bf506cb5b7e92cb1c2e58fc64bbfcb789d8345dad430aa5ce29,2000-10-29T15:54:44.705Z,24,2009-03-07T18:25:01.293Z,16,SIN,047402342,https://randomuser.me/api/portraits/women/86.jpg,https://randomuser.me/api/portraits/med/women/86.jpg,https://randomuser.me/api/portraits/thumb/women/86.jpg
female,alison.knight@example.com,031-577-3175,081-345-5990,IE,Miss,Alison,Knight,8352,Pearse Street,Tramore,Mayo,Ireland,59986,-55.2599,-89.7720,-11:00,"Midway Island, Samoa",3549ee1a-95da-4cb1-8e2a-ad337b74a456,bigostrich232,luna,HrrJA5eI,7b00746cc3780e03336a8379973770c8,23d3b9ad16287eae108486193e97df6c370f8510,e0908f7a663277cadfe2bb9b6b2ca5841482873f58985b3036809de9f45221fd,1962-07-27T21:09:03.233Z,63,2013-08-27T18:05:42.091Z,12,PPS,6918848T,https://randomuser.me/api/portraits/women/93.jpg,https://randomuser.me/api/portraits/med/women/93.jpg,https://randomuser.me/api/portraits/thumb/women/93.jpg
male,ralph.berry@example.com,011-770-4042,081-914-9206,IE,Mr,Ralph,Berry,3680,Novara Avenue,Limerick,Cavan,Ireland,46205,-34.1371,97.2013,-10:00,Hawaii,83ccf627-90ad-4cab-832e-20621d07814b,whitekoala634,terrell,T5QVKj6Q,54054d578a425fb172895c4a34342700,d4c77fce759ccfdef13fbc084e09ccd6d1587f0f,08e4400eff3a17a341ee01a59af5eb2f81f4e0fc70587f3a154beaae93b2b977,1990-10-05T11:05:09.164Z,34,2002-04-04T19:03:35.925Z,23,PPS,7969611T,https://randomuser.me/api/portraits/men/38.jpg,https://randomuser.me/api/portraits/med/men/38.jpg,https://randomuser.me/api/portraits/thumb/men/38.jpg
female,aasl.shylyrd@example.com,044-14552406,0985-121-7587,IR,Mrs,عسل,سهيلي راد,5518,شهید شهرام امیری,بجنورد,آذربایجان شرقی,Iran,87371,-9.6164,32.7634,-11:00,"Midway Island, Samoa",b2cca6c4-29a0-4fd8-a3e5-32e6d40cbb11,lazyrabbit223,loveyou,mhfqjWsX,0b4e715fafa9c974d3f062bf3b627608,c68ea08d6bcbd8156f4d95801f19b93d6660475a,f820def3221610687b37a109c476ba8be6f8591f72f887bf07cc81cdac467c52,1974-10-18T22:09:19.961Z,50,2021-09-02T00:05:31.353Z,4,,,https://randomuser.me/api/portraits/women/59.jpg,https://randomuser.me/api/portraits/med/women/59.jpg,https://randomuser.me/api/portraits/thumb/women/59.jpg
female,oona.pelto@example.com,02-243-629,045-057-19-56,FI,Miss,Oona,Pelto,5393,Esplanadi,Haukipudas,North Karelia,Finland,85886,59.1948,113.4299,-1:00,"Azores, Cape Verde Islands",0c6467aa-e9d1-41c7-83b2-b36fcdf8f2ad,smallostrich368,pumpkin,VTqkHybo,a7e9107fb4b7b30c254959c78b39790f,1e93c323c042bde91331c8e483a47112349dda95,a233ebddf723cd8f102b9b69f23af75373d0c9bcd1ab2ffdd9c3b8dfaefd271a,1981-07-09T10:38:55.547Z,44,2017-07-09T09:36:10.894Z,8,HETU,NaNNA576undefined,https://randomuser.me/api/portraits/women/59.jpg,https://randomuser.me/api/portraits/med/women/59.jpg,https://randomuser.me/api/portraits/thumb/women/59.jpg
male,kuzey.akar@example.com,(820)-483-1237,(763)-975-3787,TR,Mr,Kuzey,Akar,5973,Doktorlar Cd,Şanlıurfa,Adıyaman,Turkey,91452,-35.8447,-27.1196,+4:30,Kabul,83034994-ece5-469b-b3b4-45d1effc3fc3,angryladybug640,qing,VtyUTJSF,b8f5a244721bc1d143e3a6b233166f9c,7769a03f13dcdb72b42bffa88a570f5cece562b1,0b74c42036b444e61c918648001bccb4f142589d1abf3dc08a650412191d42de,1965-06-08T12:01:24.178Z,60,2012-07-03T10:37:07.556Z,13,,,https://randomuser.me/api/portraits/men/0.jpg,https://randomuser.me/api/portraits/med/men/0.jpg,https://randomuser.me/api/portraits/thumb/men/0.jpg
female,brittany.white@example.com,051-585-6374,081-692-1907,IE,Ms,Brittany,White,879,Galway Road,Clonakilty,Leitrim,Ireland,81574,-36.3587,113.9927,-1:00,"Azores, Cape Verde Islands",d2f8bd1e-b953-4024-8bc5-cd5ffd60479d,happygoose282,aisan,KoyKgUYk,70361d21c08f6c929758ae3fc5478aa6,55d8f78a527ddc69954abc723e3b563108a66964,ba223f933ba7765338cf2b45841c77374aa254976c666eb3df13c372699322ab,1950-11-01T09:28:04.296Z,74,2004-10-13T12:52:57.817Z,20,PPS,0719589T,https://randomuser.me/api/portraits/women/77.jpg,https://randomuser.me/api/portraits/med/women/77.jpg,https://randomuser.me/api/portraits/thumb/women/77.jpg
male,leo.prescott@example.com,(802) 912-3712,(889) 402-1450,US,Mr,Leo,Prescott,5775,Depaul Dr,Abilene,Louisiana,United States,63881,72.1404,-75.0313,+2:00,"Kaliningrad, South Africa",9d2b53a1-996c-4e45-807e-3521cbb7abd7,crazypanda698,buffy1,CNrfsGdI,d58bc2dac7ff546bbaf8372ae736b61c,85b0dd1b068bbbbb8580c6e0ef47479701a39337,df17f77678b370a60550f2fe608dad353de73ae585c59ed54b563d0a66c49d5e,1955-12-28T14:25:17.562Z,69,2013-10-09T01:58:04.829Z,11,SSN,019-56-2562,https://randomuser.me/api/portraits/men/54.jpg,https://randomuser.me/api/portraits/med/men/54.jpg,https://randomuser.me/api/portraits/thumb/men/54.jpg
female,rosa.barela@example.com,(648) 399 3264,(655) 103 0628,MX,Miss,Rosa,Barela,5446,Corredor Mayorga,El Puesto,Oaxaca,Mexico,17009,-63.9957,12.7564,+2:00,"Kaliningrad, South Africa",5f784683-776c-4d3c-a57a-5b1973ec25e9,yellowbird815,babies,xXy0kcBI,c1845f8776b3ae5adaf709111b085583,a4f827b96de8a62f63193bd13731ed277b9febf2,548abc93854d51d2cbcfb167a5fbf383daa8a36ee1bd99997468d27f15323219,1969-09-11T07:30:20.014Z,56,2005-05-07T04:53:02.277Z,20,NSS,66 25 23 5715 8,https://randomuser.me/api/portraits/women/89.jpg,https://randomuser.me/api/portraits/med/women/89.jpg,https://randomuser.me/api/portraits/thumb/women/89.jpg
female,eugenia.cabrera@example.com,911-689-556,631-777-670,ES,Miss,Eugenia,Cabrera,8892,Paseo de Zorrilla,Logroño,Comunidad Valenciana,Spain,71627,-24.8836,157.1055,-7:00,Mountain Time (US & Canada),2ab34b64-5c5c-44fb-9555-b89daf9c21ad,blacksnake868,gadget,vfyIUTBS,179393be99bcaac4677cac18253f0b28,23e01981c2d23b3ebc37e1c6d0f0f2598772d6dd,0b348b0d03c13d72752aa62d43ac1172e34e5f2836966187613e9fb78161b500,1953-01-04T22:15:38.609Z,72,2015-11-30T21:33:37.667Z,9,DNI,49043682-R,https://randomuser.me/api/portraits/women/83.jpg,https://randomuser.me/api/portraits/med/women/83.jpg,https://randomuser.me/api/portraits/thumb/women/83.jpg
female,concepcion.fonseca@example.com,(664) 138 3725,(636) 203 8576,MX,Miss,Concepción,Fonseca,9836,Callejón Sur Rivero,Villa Adolfo López M. (El Tamar,Veracruz,Mexico,27853,-5.1964,-119.2296,-1:00,"Azores, Cape Verde Islands",2c361d40-a4a4-42fc-b8c0-ba6fb5d4a25b,silverelephant286,temp123,LPTR0Xy1,0a99939a2947e29d12ef3e7759fe8f20,429a0dbad85eb12bac2582c4a411de3adb32f5bf,84b57d6fdda0130b16df6cf8d10d2ad0521a19cf4ae4707f7f5ebe7efc8a0540,1971-02-26T23:05:39.325Z,54,2013-04-24T18:29:25.519Z,12,NSS,37 90 33 8914 4,https://randomuser.me/api/portraits/women/72.jpg,https://randomuser.me/api/portraits/med/women/72.jpg,https://randomuser.me/api/portraits/thumb/women/72.jpg
male,mohammad.as@example.com,70051608,97960407,NO,Mr,Mohammad,Ås,5957,John Brandts vei,Heggelia,Akershus,Norway,5443,68.3388,45.5524,-6:00,"Central Time (US & Canada), Mexico City",9ed91bec-04bf-4c64-9f8e-613be3c9dabc,ticklishleopard249,1030,4S6SMN2U,5d6599dc514b8c0c08291f56029ecc4c,81f9ae6a02d8b526b516eda9b215df761b561e1b,80f5cd7550750cc948f9748418de255a7546b3d7996889f323971072a9b7e390,1997-05-02T09:57:43.117Z,28,2005-02-04T07:44:45.274Z,20,FN,02059711965,https://randomuser.me/api/portraits/men/40.jpg,https://randomuser.me/api/portraits/med/men/40.jpg,https://randomuser.me/api/portraits/thumb/men/40.jpg
male,eelis.kivela@example.com,06-718-266,040-449-97-81,FI,Mr,Eelis,Kivela,6217,Satakennankatu,Pello,Lapland,Finland,44301,-65.3435,91.6829,+1:00,"Brussels, Copenhagen, Madrid, Paris",e2bdbeb2-1bc4-427c-b3b4-5a2a36257fff,whiterabbit762,christin,glqWVjxj,f1abc8fd7d547bc9acada546378a5fc6,99bfabb9f8061bc0f6f04d21a7a44a58f8a18cc2,bbf9f356e0cd7485f0f7a14379b3da7aa5fa16e5dd637625d3fed8200b70ba97,1959-10-17T03:29:45.289Z,65,2014-08-12T02:43:04.758Z,11,HETU,NaNNA915undefined,https://randomuser.me/api/portraits/men/58.jpg,https://randomuser.me/api/portraits/med/men/58.jpg,https://randomuser.me/api/portraits/thumb/men/58.jpg
female,abigail.flatebo@example.com,59195223,95248085,NO,Ms,Abigail,Flatebø,2168,Furusetveien,Svolvær,Trøndelag,Norway,3184,-49.9790,-94.0737,+5:30,"Bombay, Calcutta, Madras, New Delhi",17925a4d-84d6-4f6e-8d43-a15d767296c4,purplemeercat545,passwords,k10PyaP1,23fb2ccdd34bf070e91e3111a5197e0b,f8be3e0c1d4b005d1aa939c5d376f3550aba1fd4,cb932469c51f01497d4412f4ea5deb3b6b6bc8a4cdf62ef39b8c393198b0690f,1982-10-23T08:03:14.956Z,42,2017-12-04T13:26:29.800Z,7,FN,23108203293,https://randomuser.me/api/portraits/women/43.jpg,https://randomuser.me/api/portraits/med/women/43.jpg,https://randomuser.me/api/portraits/thumb/women/43.jpg
female,ana.paunovic@example.com,020-9368-509,067-7859-892,RS,Mrs,Ana,Paunović,3495,Cerska,Odžaci,Rasina,Serbia,53846,-70.2254,51.1332,-7:00,Mountain Time (US & Canada),8bcabad2-a917-4d61-be0a-99a34e237593,angrywolf275,daemon,9zuzy4zB,da367b2f5d8981197088174bcc3834d9,8d2d45a31b3e484a9e334d771278c374fdaff53e,cc7f3e730ac51822e22597cbc268026a0cc849340421b246c5bef74a4d3b0724,1952-03-22T11:36:28.066Z,73,2013-04-29T00:24:37.827Z,12,SID,396840096,https://randomuser.me/api/portraits/women/33.jpg,https://randomuser.me/api/portraits/med/women/33.jpg,https://randomuser.me/api/portraits/thumb/women/33.jpg
female,clara.ginnish@example.com,G12 Z42-0991,H88 D84-5678,CA,Miss,Clara,Ginnish,3698,Concession Road 23,Stratford,Newfoundland and Labrador,Canada,E5B 3P4,76.8798,-169.3612,+4:30,Kabul,0ba93bb7-d560-4c56-8e70-33c15b9bd7f2,organicmouse337,pickles,lp0ybljU,2d54ff4b1cd739c915d6cf3655eff4c3,375d3ae999d5f4311fe4c4af2b22936b4246a10f,f81b56f91f90b91bcb17637181690cbce1cb5dd1da777ce11c95603d69774840,1980-09-06T16:11:04.667Z,45,2003-05-23T07:04:54.217Z,22,SIN,687524884,https://randomuser.me/api/portraits/women/57.jpg,https://randomuser.me/api/portraits/med/women/57.jpg,https://randomuser.me/api/portraits/thumb/women/57.jpg
female,nalan.sozeri@example.com,(082)-364-3005,(916)-907-2303,TR,Ms,Nalan,Sözeri,4308,Şehitler Cd,Karaman,Çorum,Turkey,97633,-83.8033,97.1814,-8:00,Pacific Time (US & Canada),03e64850-f0b1-4e4a-a53e-211a72c5cb66,beautifulfish777,blue32,0lJAVREx,d8f7459a10818f0d8aa19272f8967fab,e6c4f615de6ac10c4161b5a696ab42b6d4ccbf80,d2caad9101618ef5cae7be97befaba6c971446ff1a609874eeca7eebd60f60d8,1974-01-13T09:54:57.907Z,51,2016-07-23T22:17:36.961Z,9,,,https://randomuser.me/api/portraits/women/29.jpg,https://randomuser.me/api/portraits/med/women/29.jpg,https://randomuser.me/api/portraits/thumb/women/29.jpg
female,ysn.prs@example.com,089-28946598,0907-795-4094,IR,Miss,یسنا,پارسا,7129,میدان شهیدان رحیمی,گرگان,ایلام,Iran,90620,-3.9994,26.3314,+3:30,Tehran,ae90d084-23c2-4089-8cce-ecaea293f338,crazyladybug446,dentist,tTzkbNuN,1dc855d85a42005112391b518dc3b873,b1c0eab03563dc1d402c57f44d770ffffc071b94,c7444f41a9855e59c49eea31d748f3a2d1ac92a6045137cdcf2649a9233626c0,1949-07-30T14:12:59.626Z,76,2017-12-19T15:24:57.032Z,7,,,https://randomuser.me/api/portraits/women/56.jpg,https://randomuser.me/api/portraits/med/women/56.jpg,https://randomuser.me/api/portraits/thumb/women/56.jpg
male,brijesh.kouser@example.com,8437470913,7347055964,IN,Mr,Brijesh,Kouser,1264,Hazratganj,Rajpur Sonarpur,Sikkim,India,96797,1.6277,135.0917,+9:00,"Tokyo, Seoul, Osaka, Sapporo, Yakutsk",5e9b9cd3-db44-4446-94e7-d5f0fe3357e3,angrypanda345,presley,wY65eNUH,542d043b19f0bdc5dc5b68df10de4559,e419df6299d0e5bba9263895f950fce967e1cc20,7c43483d56cba139c9366f526c7a634546791081fb05154acf1cbf120c1e53b9,1985-02-06T15:25:46.309Z,40,2008-07-24T10:51:22.144Z,17,UIDAI,963111427941,https://randomuser.me/api/portraits/men/20.jpg,https://randomuser.me/api/portraits/med/men/20.jpg,https://randomuser.me/api/portraits/thumb/men/20.jpg
female,barbara.barrios@example.com,(602) 291 7798,(610) 221 8295,MX,Miss,Barbara,Barrios,7269,Boulevard Sur Salazar,Ciudad General Escobedo,Quintana Roo,Mexico,77070,-14.0543,-88.2007,+4:00,"Abu Dhabi, Muscat, Baku, Tbilisi",a5388e99-5a3a-48df-ad9f-a221a8fd9bfc,bluedog288,badger,RRRiu72H,30c1c7dea3307f66ff2e5c2bc8bf47f2,aa1150cf142bddc05c53573d669b8befdad880c1,1d0519e3ad114d7a524681cefb0215bcd7136e564dbf5fca2e84205397732c2c,1975-10-21T18:09:38.282Z,49,2011-11-05T04:29:01.512Z,13,NSS,61 95 56 8964 3,https://randomuser.me/api/portraits/women/23.jpg,https://randomuser.me/api/portraits/med/women/23.jpg,https://randomuser.me/api/portraits/thumb/women/23.jpg
male,cristobal.guerrero@example.com,974-601-293,612-199-292,ES,Mr,Cristóbal,Guerrero,1172,Calle de Arganzuela,La Coruña,La Rioja,Spain,59911,-42.1785,65.7953,+3:30,Tehran,ca5e82b9-3a8e-4f5e-9717-8a69f0de8c95,crazybear377,slipknot,EjoWWQua,3540e3ce3c6470c1397fdb079d19470e,738b418780366dcd77fef5df2d2efdc7db94a135,c36a3fb5f4c52c1e54cfc2476c8768c9a2edaeb243798f0d8c5974fb9145ba41,1977-03-11T12:37:36.131Z,48,2007-12-24T08:57:40.589Z,17,DNI,66403926-P,https://randomuser.me/api/portraits/men/57.jpg,https://randomuser.me/api/portraits/med/men/57.jpg,https://randomuser.me/api/portraits/thumb/men/57.jpg
male,djarno.gillis@example.com,(0788) 995462,(06) 11735108,NL,Mr,Djarno,Gillis,172,Koraaldreef,Stellendam,Drenthe,Netherlands,1031 WQ,43.9129,108.9561,-3:30,Newfoundland,0ecdb668-a2b5-48a3-8030-af1441cbde01,smallcat267,stylus,Cj3UJRmS,429613c4fdac3fdfa81ff166e5a2e31c,85b988e39686e6970e0989c358ce0ba0b2377790,71d11203862bbc8cc5c3bdf993c60238cf32714cefca30f74420bf1b59d6bbca,1980-03-31T06:24:34.363Z,45,2003-09-08T20:26:48.059Z,22,BSN,72041788,https://randomuser.me/api/portraits/men/82.jpg,https://randomuser.me/api/portraits/med/men/82.jpg,https://randomuser.me/api/portraits/thumb/men/82.jpg
male,clement.schmitt@example.com,04-26-30-44-70,06-25-53-27-02,FR,Mr,Clément,Schmitt,1613,Rue du Stade,Rennes,Pyrénées-Atlantiques,France,83246,75.9181,14.2949,-5:00,"Eastern Time (US & Canada), Bogota, Lima",6e3addf0-95c3-4861-ab70-3573f4ba1988,greenzebra613,shiloh,VHcQId6B,58aff97a9170a6ad597f1b751b17b2c7,89300c31775f8aea90ed52e43c564c71ba3f1318,abde693e5a2fd9d23d1d5fc1437131fdaf658d9165bc5ea896b4e591f8b2dfc8,1982-04-29T16:27:13.292Z,43,2009-10-21T10:36:42.181Z,15,INSEE,1820356770287 84,https://randomuser.me/api/portraits/men/60.jpg,https://randomuser.me/api/portraits/med/men/60.jpg,https://randomuser.me/api/portraits/thumb/men/60.jpg
female,margot.monteiro@example.com,(85) 5577-1397,(38) 3956-1746,BR,Mrs,Margot,Monteiro,3292,Rua Bela Vista ,Florianópolis,Paraná,Brazil,79531,-82.1532,1.5624,+2:00,"Kaliningrad, South Africa",30daea88-4496-4e18-81a2-59f58bb51c85,organickoala283,nacked,tM3VBavs,ad2d5819d58d703cc62588ae6a8c304f,38f22b94634ec349163385cc979e302bd91f736d,5c14ece2a8ea21c371b22eb6811f2386d35ecfa7bda24095f467f64144276042,1965-10-13T21:08:33.904Z,59,2015-11-26T09:29:05.718Z,9,CPF,606.234.952-05,https://randomuser.me/api/portraits/women/57.jpg,https://randomuser.me/api/portraits/med/women/57.jpg,https://randomuser.me/api/portraits/thumb/women/57.jpg
female,maria.poulsen@example.com,88547622,70275160,DK,Mrs,Maria,Poulsen,7901,Koldingvej,Randers Nv,Midtjylland,Denmark,83983,-16.7175,2.7275,+9:00,"Tokyo, Seoul, Osaka, Sapporo, Yakutsk",8ff0ae1e-d7d7-46c0-9588-06beac92eaee,tinyfish249,mortimer,8jkytlND,b54af33df84ca62facce3a5db42cdbab,304f5937ca73a75256d83001275549f14a2760aa,04462ba085e0db4eff1196a36c39b9cff60244951138c053598b27a72291139a,1967-02-18T04:40:56.657Z,58,2005-08-22T02:51:48.029Z,20,CPR,170267-8289,https://randomuser.me/api/portraits/women/25.jpg,https://randomuser.me/api/portraits/med/women/25.jpg,https://randomuser.me/api/portraits/thumb/women/25.jpg
female,olivia.rasmussen@example.com,20677670,05871421,DK,Miss,Olivia,Rasmussen,6157,Højlundsvej,Viby Sj.,Danmark,Denmark,28035,-10.9915,33.8673,+9:30,"Adelaide, Darwin",c061cb07-174f-426e-b1ac-eafa219a8670,sadbutterfly486,tinker,CtI7XDXu,16000271258f6fad1c1480f6b74b5427,4e51a8cf86e455612313182d0905c9eb2ee97013,0e04ae2504000425c8040bac323e4a86bd2205a1507049a3ebd2634ab8884fd2,1966-07-04T01:34:17.956Z,59,2019-06-04T04:57:23.863Z,6,CPR,030766-5518,https://randomuser.me/api/portraits/women/58.jpg,https://randomuser.me/api/portraits/med/women/58.jpg,https://randomuser.me/api/portraits/thumb/women/58.jpg
